"Country";"Area";"Birth rate";"Current account balance";"Death rate";"Electricity consumption";"Electricity production";"Exports";"GDP";"GDP per capita";"GDP real growth rate";"Highways";"Imports";"Industrial production growth rate";"Infant mortality rate";"Inflation rate";"Internet users";"Investment";"Labor force";"Life expectancy at birth";"Military expenditures";"Natural gas consumption";"Oil consumption";"Population";"Public debt";"Railways";"Reserves of foreign exchange & gold";"Total fertility rate";"Unemployment rate"
"Japan";"377835";"9.47";" 170200000000 ";"8.95";"971000000000";" 1044000000000 ";" 538800000000 ";" 3745000000000 ";" 29400 ";"2.9";" 1171647 ";" 401800000000 ";"6.6";"3.26";"-0.1";" 57200000 ";"24";" 66970000 ";"81.15";"1.00";" 80420000000 ";" 5290000 ";" 127417244 ";"164.3";"23705";" 664600000000 ";"1.39";"4.7"
"Germany";"357021";"8.33";" 73590000000 ";"10.55";"519500000000";" 560000000000 ";" 893300000000 ";" 2362000000000 ";" 28700 ";"1.7";" 230735 ";" 716700000000 ";"2.2";"4.16";"1.6";" 39000000 ";"17.6";" 42630000 ";"78.65";"1.50";" 99550000000 ";" 2891000 ";" 82431390 ";"65.8";"46039";" 96840000000 ";"1.39";"10.6"
"Saudi Arabia";"1960582";"29.56";" 51500000000 ";"2.62";"128500000000";" 138200000000 ";" 113000000000 ";" 310200000000 ";" 12000 ";"5";" 152044 ";" 36210000000 ";"2.8";"13.24";"0.8";" 1500000 ";"17.2";" 6620000 ";"75.46";"10.00";" 56400000000 ";" 1550000 ";" 26417599 ";"75";"1392";" 23620000000 ";"4.05";"25"
"Russia";"17075200";"9.8";" 46040000000 ";"14.52";"894300000000";" 915000000000 ";" 162500000000 ";" 1408000000000 ";" 9800 ";"6.7";" 537289 ";" 92910000000 ";"6.4";"15.39";"11.5";" 6000000 ";"19.1";" 71830000 ";"67.1";" ";" 405800000000 ";" 2310000 ";" 143420309 ";"28.2";"87157";" 124500000000 ";"1.27";"8.3"
"Switzerland";"41290";"9.77";" 40950000000 ";"8.48";"54530000000";" 63470000000 ";" 130700000000 ";" 251900000000 ";" 33800 ";"1.8";" 71212 ";" 121100000000 ";"4.7";"4.39";"0.9";" 2556000 ";"20.4";" 3770000 ";"80.39";"1.00";" 3093000000 ";" 290400 ";" 7489370 ";"57.2";"4533";" 69580000000 ";"1.42";"3.4"
"Norway";"324220";"11.67";" 30520000000 ";"9.45";"107400000000";" 125900000000 ";" 76640000000 ";" 183000000000 ";" 40000 ";"3.3";" 91852 ";" 45960000000 ";"5.2";"3.7";"1";" 2288000 ";"17.5";" 2380000 ";"79.4";"1.90";" 4100000000 ";" 171100 ";" 4593041 ";"33.1";"4077";"   ";"1.78";"4.3"
"China";"9596960";"13.14";" 30320000000 ";"6.94";"1630000000000";" 1910000000000 ";" 583100000000 ";" 7262000000000 ";" 5600 ";"9.1";" 1765222 ";" 552400000000 ";"17.1";"24.18";"4.1";" 94000000 ";"46";" 760800000 ";"72.27";"4.30";" 29180000000 ";" 4956000 ";" 1306313812 ";"31.4";"70058";" 609900000000 ";"1.72";"9.8"
"Canada";"9984670";"10.84";" 28200000000 ";"7.73";"487300000000";" 548900000000 ";" 315600000000 ";" 1023000000000 ";" 31500 ";"2.4";" 1408800 ";" 256100000000 ";"2";"4.75";"1.9";" 16110000 ";"19.4";" 17370000 ";"80.1";"1.10";" 55800000000 ";" 2200000 ";" 32805041 ";" ";"48909";" 36270000000 ";"1.61";"7"
"Korea South";"98480";"10.08";" 26780000000 ";"6.26";"293600000000";" 322500000000 ";" 250600000000 ";" 925100000000 ";" 19200 ";"4.6";" 86990 ";" 214200000000 ";"10.1";"7.05";"3.6";" 29220000 ";"28.7";" 22900000 ";"75.82";"2.80";" 20920000000 ";" 2070000 ";" 48422644 ";"21.3";"3125";" 199100000000 ";"1.26";"3.6"
"Sweden";"449964";"10.36";" 24080000000 ";"10.36";"138100000000";" 142800000000 ";" 121700000000 ";" 255400000000 ";" 28400 ";"3.6";" 213237 ";" 97970000000 ";"5.5";"2.77";"0.7";" 5125000 ";"15.8";" 4460000 ";"80.4";"1.70";" 949000000 ";" 328600 ";" 9001774 ";"51.6";"11481";" 19990000000 ";"1.66";"5.6"
"Taiwan";"35980";"12.64";" 21160000000 ";"6.38";"147400000000";" 158500000000 ";" 170500000000 ";" 576200000000 ";" 25300 ";"6";" 37299 ";" 165400000000 ";"12.2";"6.4";"1.7";" 13800000 ";"18";" 10220000 ";"77.26";"2.60";" 6640000000 ";" 988000 ";" 22894384 ";"32.4";"2508";" 246500000000 ";"1.57";"4.5"
"Netherlands";"41526";"11.14";" 19900000000 ";"8.68";"100700000000";" 90610000000 ";" 293100000000 ";" 481100000000 ";" 29500 ";"1.2";" 116500 ";" 252700000000 ";"0.8";"5.04";"1.4";" 8500000 ";"19.9";" 7530000 ";"78.81";"1.60";" 49720000000 ";" 895300 ";" 16407491 ";"55.8";"2808";" 21440000000 ";"1.66";"6"
"Hong Kong";"1092";"7.23";" 14850000000 ";"5.98";"38450000000";" 35510000000 ";" 268100000000 ";" 234500000000 ";" 34200 ";"7.9";" 1831 ";" 275900000000 ";"1";"2.97";"-0.3";" 3212800 ";"22.7";" 3540000 ";"81.39";" ";" 680900000 ";" 257000 ";" 6898686 ";"2.1";" ";" 123600000000 ";"0.91";"6.7"
"Venezuela";"912050";"18.91";" 14590000000 ";"4.9";"89300000000";" 89700000000 ";" 35840000000 ";" 145200000000 ";" 5800 ";"16.8";" 96155 ";" 14980000000 ";"12.3";"22.2";"22.4";" 1274400 ";"12.9";" 12250000 ";"74.31";"1.50";" 29400000000 ";" 500000 ";" 25375281 ";"43.1";"682";" 25750000000 ";"2.26";"17.1"
"Kuwait";"17820";"21.88";" 12040000000 ";"2.42";"30160000000";" 32430000000 ";" 27420000000 ";" 48000000000 ";" 21300 ";"6.8";" 4450 ";" 11120000000 ";"-5";"9.95";"2.3";" 567000 ";"8";" 1420000 ";"77.03";"5.30";" 8700000000 ";" 293000 ";" 2335648 ";"29.6";" ";" 7333000000 ";"2.97";"2.2"
"Algeria";"2381740";"17.13";" 11900000000 ";"4.6";"23610000000";" 25760000000 ";" 32160000000 ";" 212300000000 ";" 6600 ";"6.1";" 104000 ";" 15250000000 ";"6";"31";"3.1";" 500000 ";"26.2";" 9910000 ";"73";"3.20";" 22320000000 ";" 209000 ";" 32531853 ";"37.4";"3973";" 43550000000 ";"1.92";"25.4"
"Malaysia";"329750";"23.07";" 11810000000 ";"5.06";"68400000000";" 75330000000 ";" 123500000000 ";" 229300000000 ";" 9700 ";"7.1";" 65877 ";" 99300000000 ";"10.2";"17.7";"1.3";" 8692100 ";"21.7";" 10490000 ";"72.24";"2.03";" 31250000000 ";" 460000 ";" 23953136 ";"45.4";"2418";" 55270000000 ";"3.07";"3"
"Belgium";"30528";"10.48";" 11400000000 ";"10.22";"78820000000";" 76580000000 ";" 255700000000 ";" 316200000000 ";" 30600 ";"2.6";" 149028 ";" 235000000000 ";"3.5";"4.68";"1.9";" 3400000 ";"19.1";" 4750000 ";"78.62";"1.30";" 15500000000 ";" 595100 ";" 10364388 ";"96.2";"3518";" 14450000000 ";"1.64";"12"
"Finland";"338145";"10.5";" 11390000000 ";"9.79";"78580000000";" 71590000000 ";" 61040000000 ";" 151200000000 ";" 29000 ";"3";" 78197 ";" 45170000000 ";"2";"3.57";"0.7";" 2650000 ";"18.3";" 2660000 ";"78.35";"2.00";" 4557000000 ";" 211400 ";" 5223442 ";"46.8";"5851";" 11170000000 ";"1.73";"8.9"
"Singapore";"693";"9.49";" 8800000000 ";"4.16";"32000000000";" 35330000000 ";" 174000000000 ";" 120900000000 ";" 27800 ";"8.1";" 3130 ";" 155200000000 ";"11.1";"2.29";"1.7";" 2310000 ";"27.4";" 2180000 ";"81.62";"4.90";" 2500000000 ";" 700000 ";" 4425720 ";"102.5";" ";" 112800000000 ";"1.05";"3.4"
"Brazil";"8511965";"16.83";" 8000000000 ";"6.15";"351900000000";" 339000000000 ";" 95000000000 ";" 1492000000000 ";" 8100 ";"5.1";" 1724929 ";" 61000000000 ";"6";"29.61";"7.6";" 14300000 ";"19.8";" 89000000 ";"71.69";"1.80";" 9590000000 ";" 2199000 ";" 186112794 ";"52";"29412";" 52940000000 ";"1.93";"11.5"
"Indonesia";"1919440";"20.71";" 7338000000 ";"6.25";"92350000000";" 110200000000 ";" 69860000000 ";" 827400000000 ";" 3500 ";"4.9";" 342700 ";" 45070000000 ";"10.5";"35.6";"6.1";" 8000000 ";"16.6";" 111500000 ";"69.57";"3.00";" 55300000000 ";" 1183000 ";" 241973879 ";"56.2";"6458";" 35820000000 ";"2.44";"9.2"
"Thailand";"514000";"15.7";" 6736000000 ";"7.02";"106100000000";" 118900000000 ";" 87910000000 ";" 524800000000 ";" 8100 ";"6.1";" 57403 ";" 80840000000 ";"8.5";"20.48";"2.8";" 6971500 ";"22.5";" 36430000 ";"71.57";"1.80";" 23930000000 ";" 785000 ";" 65444371 ";"47.6";"4071";" 48300000000 ";"1.88";"1.5"
"Denmark";"43094";"11.36";" 6529000000 ";"10.43";"31630000000";" 36380000000 ";" 73060000000 ";" 174400000000 ";" 32200 ";"2.1";" 71847 ";" 63450000000 ";"1.7";"4.56";"1.4";" 2756000 ";"19.8";" 2870000 ";"77.62";"1.50";" 5280000000 ";" 218000 ";" 5432335 ";"42.5";"3002";" 37980000000 ";"1.74";"6.2"
"United Arab Emirates";"82880";"18.78";" 6300000000 ";"4.26";"36510000000";" 45120000000 ";" 69480000000 ";" 63670000000 ";" 25200 ";"5.7";" 1088 ";" 45660000000 ";"4";"14.51";"3.2";" 1110200 ";"20.8";" 2360000 ";"75.24";"3.10";" 33700000000 ";" 310000 ";" 2563212 ";"17.6";" ";" 18640000000 ";"2.94";"2.4"
"Argentina";"2766890";"16.9";" 5473000000 ";"7.56";"81650000000";" 81390000000 ";" 33780000000 ";" 483500000000 ";" 12400 ";"8.3";" 215471 ";" 22060000000 ";"12";"15.18";"6.1";" 4100000 ";"18.3";" 15040000 ";"75.91";"1.30";" 31100000000 ";" 486000 ";" 39537943 ";"118";"34091";" 19470000000 ";"2.19";"14.8"
"Qatar";"11437";"15.54";" 5187000000 ";"4.61";"9046000000";" 9727000000 ";" 15000000000 ";" 19490000000 ";" 23200 ";"8.7";" 1230 ";" 6150000000 ";"10";"18.61";"3";" 126000 ";"22.9";" 140000 ";"73.67";"10.00";" 15860000000 ";" 30000 ";" 863051 ";" ";" ";" 3351000000 ";"2.87";"2.7"
"India";"3287590";"22.32";" 4897000000 ";"8.28";"510100000000";" 547200000000 ";" 69180000000 ";" 3319000000000 ";" 3100 ";"6.2";" 2525989 ";" 89330000000 ";"7.4";"56.29";"4.2";" 18481000 ";"23.8";" 482200000 ";"64.35";"2.50";" 22750000000 ";" 2130000 ";" 1080264388 ";"59.7";"63140";" 126000000000 ";"2.78";"9.2"
"Ukraine";"603700";"10.49";" 4584000000 ";"16.42";"132000000000";" 180000000000 ";" 32910000000 ";" 299100000000 ";" 6300 ";"12";" 169679 ";" 31450000000 ";"16.5";"20.34";"12";" 3800000 ";"18.8";" 21110000 ";"66.85";"1.40";" 79860000000 ";" 303000 ";" 47425336 ";"24.7";"22473";" 11330000000 ";"1.4";"3.5"
"Philippines";"300000";"25.31";" 3600000000 ";"5.47";"46050000000";" 52860000000 ";" 38630000000 ";" 430600000000 ";" 5000 ";"5.9";" 202124 ";" 37500000000 ";"5";"23.51";"5.5";" 3500000 ";"17";" 35860000 ";"69.91";"1.00";" 25000000 ";" 338000 ";" 87857473 ";"74.2";"897";" 16050000000 ";"3.16";"11.7"
"Oman";"212460";"36.73";" 2674000000 ";"3.86";"9792000000";" 9896000000 ";" 13140000000 ";" 38090000000 ";" 13100 ";"1.2";" 34965 ";" 6373000000 ";"-1.2";"19.51";"0.2";" 180000 ";"13.5";" 920000 ";"73.13";"11.40";" 6340000000 ";" 54000 ";" 3001583 ";"10.3";" ";" 4144000000 ";"5.84";"15"
"Chile";"756950";"15.44";" 2185000000 ";"5.76";"41800000000";" 48600000000 ";" 29200000000 ";" 169100000000 ";" 10700 ";"5.8";" 79605 ";" 22530000000 ";"7.8";"8.8";"2.4";" 3575000 ";"23.9";" 6200000 ";"76.58";"3.80";" 6517000000 ";" 240000 ";" 15980912 ";"12.8";"6585";" 16020000000 ";"2.02";"8.5"
"Egypt";"1001450";"23.32";" 2113000000 ";"5.26";"75580000000";" 81270000000 ";" 11000000000 ";" 316300000000 ";" 4200 ";"4.5";" 64000 ";" 19210000000 ";"2.5";"32.59";"9.5";" 2700000 ";"15.8";" 20710000 ";"71";"3.40";" 21200000000 ";" 562000 ";" 77505756 ";"102.7";"5063";" 14030000000 ";"2.88";"10.9"
"Iran";"1648000";"16.83";" 2100000000 ";"5.55";"119900000000";" 129000000000 ";" 38790000000 ";" 516700000000 ";" 7700 ";"6.3";" 167157 ";" 31300000000 ";"3.5";"41.58";"15.5";" 4300000 ";"31.3";" 23000000 ";"69.96";"3.30";" 72400000000 ";" 1400000 ";" 68017860 ";"27";"7203";" 29870000000 ";"1.82";"11.2"
"Trinidad and Tobago";"5128";"12.81";" 1548000000 ";"9.37";"5341000000";" 5743000000 ";" 6671000000 ";" 11480000000 ";" 10500 ";"5.7";" 8320 ";" 4650000000 ";"7.2";"24.31";"3.3";" 138000 ";"19.4";" 590000 ";"68.91";"0.60";" 13760000000 ";" 24000 ";" 1088644 ";"54.4";" ";" 2927000000 ";"1.75";"10.4"
"Pakistan";"803940";"30.42";" 1400000000 ";"8.45";"52660000000";" 75270000000 ";" 15070000000 ";" 347300000000 ";" 2200 ";"6.1";" 257683 ";" 14010000000 ";"13.1";"72.44";"4.8";" 1500000 ";"16.4";" 45430000 ";"63";"4.90";" 23400000000 ";" 365000 ";" 162419946 ";"71.4";"8163";" 12580000000 ";"4.14";"8.3"
"Syria";"185180";"28.29";" 1100000000 ";"4.88";"24320000000";" 26150000000 ";" 6086000000 ";" 60440000000 ";" 3400 ";"2.3";" 45697 ";" 5042000000 ";"7";"29.53";"2.1";" 220000 ";"16.3";" 5120000 ";"70.03";"5.90";" 5840000000 ";" 240000 ";" 18448752 ";"32";"2711";" 5000000000 ";"3.5";"20"
"Dominican Republic";"48730";"23.28";" 762200000 ";"7.35";"8912000000";" 9583000000 ";" 5446000000 ";" 55680000000 ";" 6300 ";"1.7";" 12600 ";" 8093000000 ";"2";"32.38";"55";" 500000 ";"18.9";"   ";"67.26";"1.10";"   ";" 129000 ";" 8950034 ";"61.1";"1743";" 426000000 ";"2.86";"17"
"Bulgaria";"110910";"9.66";" 682900000 ";"14.26";"32710000000";" 43070000000 ";" 9134000000 ";" 61630000000 ";" 8200 ";"5.3";" 37077 ";" 12230000000 ";"5.2";"20.55";"6.1";" 630000 ";"18.6";" 3398000 ";"72.03";"2.60";" 5804000000 ";" 94000 ";" 7450349 ";"41.9";"4294";" 7526000000 ";"1.38";"12.7"
"Bahrain";"665";"18.1";" 586100000 ";"4.08";"6379000000";" 6860000000 ";" 8205000000 ";" 13010000000 ";" 19200 ";"5.6";" 3459 ";" 5870000000 ";"2";"17.27";"2.1";" 195700 ";"12.8";" 370000 ";"74.23";"6.30";" 32700000000 ";" 40000 ";" 688345 ";"63.8";" ";" 2141000000 ";"2.63";"15"
"Yemen";"527970";"43.07";" 369900000 ";"8.53";"2827000000";" 3040000000 ";" 4468000000 ";" 16250000000 ";" 800 ";"1.9";" 67000 ";" 3734000000 ";"3";"61.5";"12.2";" 100000 ";"16.1";" 5980000 ";"61.75";"7.80";"    ";" 78000 ";" 20727063 ";"46.4";" ";" 5300000000 ";"6.67";"35"
"Botswana";"600370";"23.33";" 337000000 ";"29.36";"1890000000";" 930000000 ";" 2940000000 ";" 15050000000 ";" 9200 ";"3.5";" 10217 ";" 2255000000 ";"4.4";"54.58";"7";" 60000 ";"25.5";" 264000 ";"33.87";"3.90";"   ";" 16000 ";" 1640115 ";"8.6";"888";" 5700000000 ";"2.85";"23.8"
"Mauritius";"2040";"15.62";" 284100000 ";"6.83";"1707000000";" 1836000000 ";" 2012000000 ";" 15680000000 ";" 12800 ";"4.7";" 2000 ";" 2245000000 ";"8";"15.03";"4.5";" 150000 ";"22.5";" 560000 ";"72.38";"0.20";"   ";" 21000 ";" 1230602 ";"29.2";" ";" 1676000000 ";"1.96";"10.8"
"Bolivia";"1098580";"23.76";" 273000000 ";"7.64";"3848000000";" 4132000000 ";" 1986000000 ";" 22330000000 ";" 2600 ";"3.7";" 60282 ";" 1595000000 ";"5.7";"53.11";"4.9";" 270000 ";"10.4";" 3800000 ";"65.5";"1.60";" 1150000000 ";" 49000 ";" 8857870 ";" ";"3519";" 1214000000 ";"2.94";"9.2"
"Ecuador";"283560";"22.67";" 261100000 ";"4.24";"75580000000";" 81270000000 ";" 7560000000 ";" 49510000000 ";" 3700 ";"5.8";" 43197 ";" 7650000000 ";"10";"23.66";"2";" 569700 ";"20.6";" 4530000 ";"76.21";"2.20";" 160000000 ";" 129000 ";" 13363593 ";"49.2";"966";" 1436000000 ";"2.72";"11.1"
"Honduras";"112090";"30.38";" 258300000 ";"6.87";"3771000000";" 3626000000 ";" 1457000000 ";" 18790000000 ";" 2800 ";"4.2";" 13603 ";" 3332000000 ";"7.7";"29.32";"7";" 168600 ";"24.1";" 2470000 ";"65.6";"1.40";"   ";" 29000 ";" 6975204 ";"74.1";"699";" 1464000000 ";"3.87";"28.5"
"Bangladesh";"144000";"30.01";" 216600000 ";"8.4";"15300000000";" 16450000000 ";" 7478000000 ";" 275700000000 ";" 2000 ";"4.9";" 207486 ";" 10030000000 ";"6.5";"62.6";"6";" 243000 ";"23.5";" 65490000 ";"62.08";"1.80";" 9900000000 ";" 71000 ";" 144319628 ";"43";"2706";" 3000000000 ";"3.13";"40"
"Israel";"20770";"18.21";" 211900000 ";"6.18";"38300000000";" 42670000000 ";" 34410000000 ";" 129000000000 ";" 20800 ";"3.9";" 16903 ";" 36840000000 ";"4.5";"7.03";"0";" 2000000 ";"17.6";" 2680000 ";"79.32";"8.70";" 10000000 ";" 260000 ";" 6276883 ";"104.5";"640";" 28480000000 ";"2.44";"10.7"
"Jordan";"92300";"21.76";" 203200000 ";"2.63";"7094000000";" 7307000000 ";" 3200000000 ";" 25500000000 ";" 4500 ";"5.1";" 7301 ";" 7600000000 ";"5";"17.35";"3.2";" 457000 ";"11.6";" 1410000 ";"78.24";"14.60";" 290000000 ";" 103000 ";" 5759732 ";"85.8";"505";" 5457000000 ";"2.71";"15"
"Gabon";"267667";"36.24";" 196800000 ";"11.72";"1080000000";" 1161000000 ";" 3710000000 ";" 7966000000 ";" 5900 ";"1.9";" 8464 ";" 1225000000 ";"1.6";"53.64";"1.5";" 35000 ";"21.8";" 650000 ";"55.75";"2.00";" 80000000 ";" 13000 ";" 1389201 ";"29.3";"814";" 268600000 ";"4.77";"21"
"Uruguay";"176220";"14.09";" 181800000 ";"9.06";"5878000000";" 8536000000 ";" 2200000000 ";" 49270000000 ";" 14500 ";"10.2";" 8983 ";" 2071000000 ";"22";"11.95";"7.6";" 400000 ";"9.6";" 1560000 ";"76.13";"2.00";" 64500000 ";" 41500 ";" 3415920 ";" ";"2073";" 2362000000 ";"1.91";"13"
"Turkmenistan";"488100";"27.68";" 114000000 ";"8.78";"8908000000";" 11410000000 ";" 4000000000 ";" 27600000000 ";" 5700 ";"7.5";" 24000 ";" 2850000000 ";"22";"73.08";"9";" 8000 ";"29";" 2320000 ";"61.39";"3.40";" 9600000000 ";" 63000 ";" 4952081 ";" ";"2440";" 3034000000 ";"3.41";"60"
"Ghana";"239460";"23.97";" 83870000 ";"10.84";"6137000000";" 6922000000 ";" 3010000000 ";" 48270000000 ";" 2300 ";"5.4";" 46176 ";" 3699000000 ";"3.8";"51.43";"13";" 170000 ";"19.7";" 10240000 ";"56";"0.60";"   ";" 38000 ";" 21029853 ";" ";"953";" 1267000000 ";"3.02";"20"
"Tunisia";"163610";"15.5";" 71850000 ";"5.09";"10050000000";" 10720000000 ";" 9926000000 ";" 70880000000 ";" 7100 ";"5.1";" 18997 ";" 11520000000 ";"4.4";"24.77";"4.1";" 630000 ";"24.5";" 3550000 ";"74.89";"1.50";" 3830000000 ";" 87000 ";" 10074951 ";"59.2";"2152";" 3509000000 ";"1.75";"13.8"
"Peru";"1285220";"20.87";" 30000000";"6.26";"20220000000";" 22880000000 ";" 12300000000 ";" 155300000000 ";" 5600 ";"4.5";" 78230 ";" 9600000000 ";"5.2";"31.94";"3.8";" 2850000 ";"17.8";" 11000000 ";"69.53";"1.40";" 910000000 ";" 161000 ";" 27925628 ";"44.1";"3462";" 12700000000 ";"2.56";"9.6"
"Paraguay";"406750";"29.43";" 36110000";"4.53";"2469000000";" 48360000000 ";" 2936000000 ";" 29930000000 ";" 4800 ";"2.8";" 29500 ";" 3330000000 ";"0";"25.63";"5.1";" 120000 ";"18.1";" 2660000 ";"74.89";"0.90";"   ";" 25000 ";" 6347884 ";"39.2";"441";" 1164000000 ";"3.93";"15.1"
"Kazakhstan";"2717300";"15.78";" 39020000";"9.46";"62210000000";" 66820000000 ";" 18470000000 ";" 118400000000 ";" 7800 ";"9.1";" 82980 ";" 13070000000 ";"10.6";"29.21";"6.9";" 250000 ";"23.9";" 7950000 ";"66.55";"0.90";" 14300000000 ";" 189400 ";" 15185844 ";"13.7";"13601";" 14350000000 ";"1.89";"8"
"Slovenia";"20273";"8.95";" 51640000";"10.22";"11800000000";" 12490000000 ";" 14970000000 ";" 39410000000 ";" 19600 ";"3.9";" 20250 ";" 16070000000 ";"3.9";"4.45";"3.3";" 750000 ";"24.9";" 870000 ";"76.14";"1.70";" 1040000000 ";" 53300 ";" 2011070 ";"31.5";"1201";" 8493000000 ";"1.24";"6.4"
"Tajikistan";"143100";"32.58";" 52000000";"8.39";"14410000000";" 15080000000 ";" 1130000000 ";" 7950000000 ";" 1100 ";"10.5";" 27767 ";" 1300000000 ";"8.2";"110.76";"8";" 4100 ";"22";" 3187000 ";"64.56";"3.90";" 1300000000 ";" 20000 ";" 7163506 ";" ";"482";" 145300000 ";"4.05";"40"
"Swaziland";"17363";"27.72";" 82400000";"25.26";"1173000000";" 402000000 ";" 900100000 ";" 6018000000 ";" 5100 ";"2.5";" 3107 ";" 1140000000 ";"3.7";"69.27";"5.4";" 27000 ";"23.6";" 383200 ";"35.65";"1.40";"   ";" 3500 ";" 1173900 ";" ";"301";" 320500000 ";"3.7";"34"
"Kyrgyzstan";"198500";"22.48";" 87920000";"7.13";"10210000000";" 11720000000 ";" 646700000 ";" 8495000000 ";" 1700 ";"6";" 18500 ";" 775100000 ";"6";"35.64";"3.2";" 152000 ";"17";" 2700000 ";"68.16";"1.40";" 2016000000 ";" 20000 ";" 5146281 ";" ";"470";" 498700000 ";"2.7";"18"
"Mozambique";"801590";"35.79";" 101200000";"20.99";"5046000000";" 8859000000 ";" 689400000 ";" 23380000000 ";" 1200 ";"8.2";" 30400 ";" 972900000 ";"3.4";"130.79";"12.8";" 50000 ";"47";" 9200000 ";"40.32";"2.20";" 60000000 ";" 8500 ";" 19406703 ";" ";"3123";" 1206000000 ";"4.7";"21"
"Lesotho";"30355";"26.53";" 108300000";"25.03";"308000000";" 314000000 ";" 484500000 ";" 5892000000 ";" 3200 ";"3.3";" 5940 ";" 730900000 ";"15.5";"84.23";"5.3";" 21000 ";"39.6";" 838000 ";"36.68";"2.30";"   ";" 1500 ";" 1867035 ";" ";" ";" 402200000 ";"3.35";"45"
"Belize";"22966";"29.34";" 115000000";"6.04";"108800000";" 117000000 ";" 401400000 ";" 1778000000 ";" 6500 ";"3.5";" 2872 ";" 579900000 ";"4.6";"25.69";"2.9";" 30000 ";"33.6";" 90000 ";"67.49";"2.00";"   ";" 5000 ";" 279457 ";" ";" ";" 111100000 ";"3.68";"12.9"
"Moldova";"33843";"15.27";" 148400000";"12.79";"4605000000";" 3876000000 ";" 1030000000 ";" 8581000000 ";" 1900 ";"6.8";" 12719 ";" 1830000000 ";"17";"40.42";"11.5";" 150000 ";"17.1";" 1360000 ";"65.18";"0.40";" 2050000000 ";" 24000 ";" 4455421 ";"63.4";"1138";" 390000000 ";"1.81";"8"
"Cameroon";"475440";"34.67";" 149100000";"15.4";"3321000000";" 3571000000 ";" 2445000000 ";" 30170000000 ";" 1900 ";"4.9";" 34300 ";" 1979000000 ";"4.2";"68.26";"1";" 60000 ";"16.1";" 6680000 ";"47.84";"1.60";"    ";" 22000 ";" 16380005 ";"69.1";"1008";" 687500000 ";"4.47";"30"
"Zambia";"752614";"41.38";" 181400000";"20.23";"5345000000";" 8167000000 ";" 1548000000 ";" 9409000000 ";" 900 ";"4.6";" 91440 ";" 1519000000 ";"6.9";"88.29";"18.3";" 68200 ";"41.4";" 4630000 ";"39.7";"1.80";"   ";" 11000 ";" 11261795 ";"127.5";"2173";" 345000000 ";"5.47";"50"
"Cuba";"110860";"12.03";" 185100000";"7.19";"13400000000";" 14410000000 ";" 2104000000 ";" 33920000000 ";" 3000 ";"3";" 60858 ";" 5296000000 ";"1.4";"6.33";"3.1";" 120000 ";"11.2";" 4550000 ";"77.23";"1.80";" 600000000 ";" 163000 ";" 11346670 ";" ";"4226";" 738600000 ";"1.66";"2.5"
"Zimbabwe";"390580";"29.74";" 230300000";"24.66";"11220000000";" 8839000000 ";" 1409000000 ";" 24370000000 ";" 1900 ";"-8.2";" 18338 ";" 1599000000 ";"-7.8";"67.69";"133";" 500000 ";"9.9";" 4230000 ";"36.67";"4.30";"   ";" 23000 ";" 12746990 ";"52.3";"3077";" 57000000 ";"3.54";"70"
"Armenia";"29800";"11.76";" 240400000";"8.16";"5797000000";" 6492000000 ";" 850000000 ";" 13650000000 ";" 4600 ";"9";" 8431 ";" 1300000000 ";"15";"23.28";"3.5";" 150000 ";"19.8";" 1400000 ";"71.55";"6.50";" 1400000000 ";" 5700 ";" 2982904 ";" ";"845";" 555000000 ";"1.32";"30"
"France";"547030";"12.15";" 305000000";"9.08";"414700000000";" 528600000000 ";" 419000000000 ";" 1737000000000 ";" 28700 ";"2.1";" 893100 ";" 419700000000 ";"1.7";"4.26";"2.3";" 21900000 ";"19.2";" 27700000 ";"79.6";"2.60";" 42010000000 ";" 2026000 ";" 60656178 ";"67.7";"32175";" 70760000000 ";"1.85";"10.1"
"Macedonia";"25333";"12";" 311000000";"8.73";"7216000000";" 6273000000 ";" 1629000000 ";" 14400000000 ";" 7100 ";"1.3";" 8684 ";" 2677000000 ";"0";"10.09";"0.4";" 100000 ";"17.5";" 855000 ";"73.73";"6.00";"   ";" 22000 ";" 2045262 ";"20";"699";" 928000000 ";"1.57";"37.7"
"Cambodia";"181040";"27.08";" 316200000";"8.97";"100600000";" 122000000 ";" 2311000000 ";" 26990000000 ";" 2000 ";"5.4";" 12323 ";" 3129000000 ";"22";"71.48";"3.1";" 30000 ";"20.9";" 7000000 ";"58.87";"3.00";"   ";" 7200 ";" 13607069 ";" ";"602";" 997500000 ";"3.44";"2.5"
"Cote d'Ivoire";"322460";"35.51";" 421500000";"14.94";"2976000000";" 4759000000 ";" 5124000000 ";" 24780000000 ";" 1500 ";"-1";" 50400 ";" 3360000000 ";"15";"90.83";"1.4";" 90000 ";"11.3";" 6700000 ";"48.62";"1.20";" 1350000000 ";" 32000 ";" 17298040 ";"74.8";"660";" 1950000000 ";"4.58";"13"
"Kenya";"582650";"40.13";" 459200000";"14.65";"4337000000";" 4475000000 ";" 2589000000 ";" 34680000000 ";" 1100 ";"2.2";" 63942 ";" 4190000000 ";"2.6";"61.47";"9";" 400000 ";"14.7";" 11400000 ";"47.99";"1.30";"   ";" 57000 ";" 33829590 ";"74.3";"2778";" 1500000000 ";"4.96";"40"
"Panama";"78200";"19.96";" 469600000";"6.54";"4473000000";" 4873000000 ";" 5699000000 ";" 20570000000 ";" 6900 ";"6";" 11643 ";" 7164000000 ";"5.4";"20.47";"2";" 120000 ";"25";" 1320000 ";"71.94";"1.10";"   ";" 40520 ";" 3039150 ";"69.2";"355";" 1076000000 ";"2.45";"12.6"
"Albania";"28748";"15.08";" 504000000";"5.12";"6760000000";" 5680000000 ";" 552400000 ";" 17460000000 ";" 4900 ";"5.6";" 18000 ";" 2076000000 ";"3.1";"21.52";"3.2";" 30000 ";"18.4";" 1090000 ";"77.24";"1.49";" 30000000 ";" 7500 ";" 3563112 ";" ";"447";" 1206000000 ";"2.04";"14.8"
"Senegal";"196190";"35.21";" 518800000";"10.6";"1615000000";" 1737000000 ";" 1374000000 ";" 18360000000 ";" 1700 ";"3.2";" 14576 ";" 2128000000 ";"4.7";"55.51";"0.8";" 225000 ";"20.1";" 4650000 ";"56.75";"1.50";" 50000000 ";" 31000 ";" 11126832 ";"55.2";"906";" 820000000 ";"4.75";"48"
"Iceland";"103000";"13.73";" 570000000";"6.68";"7692000000";" 8271000000 ";" 2902000000 ";" 9373000000 ";" 31900 ";"1.8";" 13004 ";" 3307000000 ";"8.8";"3.31";"4";" 195000 ";"23.8";" 158100 ";"80.19";" ";"   ";" 16300 ";" 296737 ";"35.9";" ";" 935000000 ";"1.92";"3.1"
"Equatorial Guinea";"28051";"36.18";" 578600000";"12";"24820000";" 26690000 ";" 2771000000 ";" 1270000000 ";" 2700 ";"20";" 2880 ";" 1167000000 ";"30";"85.13";"8.5";" 1800 ";"50.8";"   ";"55.56";"2.50";" 20000000 ";" 2000 ";" 535881 ";" ";" ";" 235200000 ";"4.62";"30"
"Sri Lanka";"65610";"15.63";" 587300000";"6.49";"6228000000";" 6697000000 ";" 5306000000 ";" 80580000000 ";" 4000 ";"5.2";" 11650 ";" 7265000000 ";"7.1";"14.35";"5.8";" 200000 ";"22.4";" 7260000 ";"73.17";"2.60";"   ";" 75000 ";" 20064776 ";"104.3";"1449";" 2475000000 ";"1.85";"7.8"
"Cyprus";"9250";"12.57";" 619900000";"7.64";"602000000";" 4000000000 ";" 49300000 ";" 4540000000 ";" 7135 ";"2.6";" 13943 ";" 415200000 ";"-0.3";"7.18";"2.4";" 210000 ";"17.9";" 95025 ";"77.65";"3.80";"   ";" 49000 ";" 780133 ";"74.9";" ";" 941600000 ";"1.83";"3.2"
"Georgia";"69700";"10.25";" 632900000";"9.09";"6811000000";" 6732000000 ";" 909400000 ";" 14450000000 ";" 3100 ";"9.5";" 20229 ";" 1806000000 ";"3";"18.59";"5.5";" 150500 ";"18.5";" 2100000 ";"75.88";"0.59";" 1160000000 ";" 31500 ";" 4677401 ";" ";"1612";" 231400000 ";"1.41";"17"
"Sudan";"2505810";"35.17";" 763600000";"9.16";"2400000000";" 2581000000 ";" 3395000000 ";" 76190000000 ";" 1900 ";"6.4";" 11900 ";" 3496000000 ";"8.5";"62.5";"9";" 300000 ";"16";" 11000000 ";"58.54";"3.00";"   ";" 70000 ";" 40187486 ";"79.7";"5995";" 1652000000 ";"4.85";"18.7"
"Jamaica";"10991";"16.56";" 830700000";"5.37";"5849000000";" 6289000000 ";" 1679000000 ";" 11130000000 ";" 4100 ";"1.9";" 18700 ";" 3624000000 ";"-2";"12.36";"12.4";" 600000 ";"32";" 1140000 ";"76.29";"0.40";"   ";" 66000 ";" 2731832 ";"146.1";"272";" 1400000000 ";"1.95";"15"
"Nicaragua";"129494";"24.88";" 843100000";"4.49";"2318000000";" 2553000000 ";" 750000000 ";" 12340000000 ";" 2300 ";"4";" 18712 ";" 2020000000 ";"4.4";"29.11";"9.3";" 90000 ";"28";" 1930000 ";"70.33";"0.70";"   ";" 25770 ";" 5465100 ";"69.5";"6";" 670000000 ";"2.81";"7.8"
"El Salvador";"21040";"27.04";" 880500000";"5.85";"4450000000";" 4158000000 ";" 3249000000 ";" 32350000000 ";" 4900 ";"1.8";" 10029 ";" 5968000000 ";"0.7";"25.1";"5.4";" 550000 ";"16.6";" 2750000 ";"71.22";"1.10";"   ";" 39000 ";" 6704932 ";"41.7";"283";" 1888000000 ";"3.16";"6.3"
"Costa Rica";"51100";"18.6";" 980300000";"4.33";"5733000000";" 6614000000 ";" 6184000000 ";" 37970000000 ";" 9600 ";"3.9";" 35303 ";" 7842000000 ";"3.1";"9.95";"11.5";" 800000 ";"19.2";" 1810000 ";"76.84";"0.40";"   ";" 37000 ";" 4016173 ";"58";"950";" 1736000000 ";"2.28";"6.6"
"Belarus";"207600";"10.83";" 1119000000";"14.15";"34300000000";" 30000000000 ";" 11470000000 ";" 70500000000 ";" 6800 ";"6.4";" 79990 ";" 13570000000 ";"4";"13.37";"17.4";" 1391900 ";"21.8";" 4305000 ";"68.72";"1.40";" 18800000000 ";" 285000 ";" 10300483 ";" ";"5523";" 770200000 ";"1.39";"2"
"Estonia";"45226";"9.91";" 1169000000";"13.21";"6358000000";" 8301000000 ";" 5701000000 ";" 19230000000 ";" 14300 ";"6";" 55944 ";" 7318000000 ";"5";"7.87";"3";" 444000 ";"28.2";" 660000 ";"71.77";"2.00";" 1270000000 ";" 24000 ";" 1332893 ";"5.4";"958";" 1503000000 ";"1.39";"9.6"
"Latvia";"64589";"9.04";" 1251000000";"13.7";"5829000000";" 4547000000 ";" 3569000000 ";" 26530000000 ";" 11500 ";"7.6";" 60472 ";" 5970000000 ";"8.5";"9.55";"6";" 936000 ";"26.1";" 1170000 ";"71.05";"1.20";" 1700000000 ";" 44000 ";" 2290237 ";"11.8";"2303";" 1650000000 ";"1.26";"8.8"
"Guatemala";"108890";"34.11";" 1381000000";"6.81";"5760000000";" 6608000000 ";" 2911000000 ";" 59470000000 ";" 4200 ";"2.6";" 14118 ";" 7770000000 ";"4.1";"35.93";"7.2";" 400000 ";"14.9";" 3680000 ";"65.14";"0.80";"   ";" 61000 ";" 14655189 ";"32";"886";" 3084000000 ";"4.53";"7.5"
"Slovakia";"48845";"10.62";" 1400000000";"9.43";"28890000000";" 31150000000 ";" 29240000000 ";" 78890000000 ";" 14500 ";"5.3";" 42970 ";" 29670000000 ";"5.1";"7.41";"7.5";" 1375800 ";"24";" 2200000 ";"74.5";"1.89";" 6800000000 ";" 82000 ";" 5431363 ";"46.6";"3661";" 14910000000 ";"1.32";"13.1"
"Lithuania";"65200";"8.62";" 1600000000";"10.92";"10170000000";" 17930000000 ";" 8880000000 ";" 45230000000 ";" 12500 ";"6.6";" 77148 ";" 11020000000 ";"12";"6.89";"1.1";" 695700 ";"21.9";" 1630000 ";"73.97";"1.90";" 2760000000 ";" 72000 ";" 3596617 ";"25.2";"1998";" 4610000000 ";"1.19";"8"
"Colombia";"1138910";"20.82";" 1706000000";"5.59";"41140000000";" 44870000000 ";" 15500000000 ";" 281100000000 ";" 6600 ";"3.6";" 112998 ";" 15340000000 ";"4";"20.97";"5.9";" 2732200 ";"15.8";" 20700000 ";"71.72";"3.40";" 5700000000 ";" 252000 ";" 42954279 ";"51.8";"3304";" 11940000000 ";"2.56";"13.6"
"Croatia";"56542";"9.57";" 1925000000";"11.38";"15200000000";" 12510000000 ";" 7845000000 ";" 50330000000 ";" 11200 ";"3.7";" 28344 ";" 16700000000 ";"2.7";"6.84";"2.5";" 1014000 ";"28.6";" 1710000 ";"74.45";"2.39";" 2840000000 ";" 89000 ";" 4495904 ";"41.7";"2726";" 8563000000 ";"1.39";"13.8"
"Vietnam";"329560";"17.07";" 2061000000";"6.2";"32060000000";" 34480000000 ";" 23720000000 ";" 227200000000 ";" 2700 ";"7.7";" 93300 ";" 26310000000 ";"16";"25.95";"9.5";" 3500000 ";"36.6";" 42980000 ";"70.61";"2.50";" 1300000000 ";" 185000 ";" 83535576 ";"65.9";"2600";" 6510000000 ";"1.94";"1.9"
"South Africa";"1219912";"18.48";" 2480000000";"21.32";"189400000000";" 202600000000 ";" 41970000000 ";" 491400000000 ";" 11100 ";"3.5";" 275971 ";" 39420000000 ";"5.5";"61.81";"4.5";" 3100000 ";"16.7";" 16630000 ";"43.27";"1.50";" 1800000000 ";" 460000 ";" 44344136 ";"45.9";"22298";" 11680000000 ";"2.24";"26.2"
"Ireland";"70280";"14.47";" 2881000000";"7.85";"21780000000";" 22880000000 ";" 103800000000 ";" 126400000000 ";" 31900 ";"5.1";" 95736 ";" 60650000000 ";"7";"5.39";"2.2";" 1260000 ";"23.8";" 1920000 ";"77.56";"0.90";" 4199000000 ";" 174400 ";" 4015676 ";"31.2";"3312";" 4152000000 ";"1.87";"4.3"
"Azerbaijan";"86600";"20.4";" 2899000000";"9.86";"17370000000";" 17550000000 ";" 3168000000 ";" 30010000000 ";" 3800 ";"9.8";" 28030 ";" 3622000000 ";"4";"81.74";"4.6";" 300000 ";"65.1";" 5090000 ";"63.35";"2.60";" 6720000000 ";" 140000 ";" 7911974 ";"18.9";"2957";" 875000000 ";"2.44";"1.2"
"Serbia and Montenegro";"102350";"12.12";" 3008000000";"10.49";"32330000000";" 31640000000 ";" 3245000000 ";" 26270000000 ";" 2400 ";"6.5";" 45290 ";" 9538000000 ";"1.7";"12.89";"8.8";" 847000 ";"14.4";" 3200000 ";"74.73";" ";" 602000000 ";" 64000 ";" 10829175 ";"80";"4380";" 3550000000 ";"1.67";"30"
"Austria";"83870";"8.81";" 3283000000";"9.7";"55090000000";" 58490000000 ";" 102700000000 ";" 255900000000 ";" 31300 ";"1.9";" 200000 ";" 101200000000 ";"3.3";"4.66";"1.8";" 3730000 ";"22.6";" 3450000 ";"78.92";"0.90";" 7810000000 ";" 262400 ";" 8184691 ";"64.2";"6021";" 12730000000 ";"1.36";"4.4"
"Romania";"237500";"10.7";" 3631000000";"11.74";"57500000000";" 56530000000 ";" 23540000000 ";" 171500000000 ";" 7700 ";"8.1";" 198755 ";" 28430000000 ";"4";"26.43";"9.6";" 4000000 ";"23.3";" 9660000 ";"71.35";"2.47";" 18500000000 ";" 253800 ";" 22329977 ";"23.6";"11385";" 16210000000 ";"1.36";"6.3"
"New Zealand";"268680";"13.9";" 3647000000";"7.53";"35710000000";" 38390000000 ";" 19850000000 ";" 92510000000 ";" 23200 ";"4.8";" 92382 ";" 19770000000 ";"5.9";"5.85";"2.4";" 2110000 ";"22.4";" 2050000 ";"78.66";"1.00";" 6504000000 ";" 132700 ";" 4035461 ";"22.1";"3898";" 4805000000 ";"1.79";"4.2"
"Poland";"312685";"10.78";" 3831000000";"10.01";"117400000000";" 133800000000 ";" 75980000000 ";" 463000000000 ";" 12000 ";"5.6";" 364697 ";" 81610000000 ";"10";"8.51";"3.4";" 8970000 ";"18.4";" 17020000 ";"74.41";"1.71";" 13850000000 ";" 424100 ";" 38635144 ";"49.9";"23852";" 41880000000 ";"1.39";"19.5"
"Mexico";"1972550";"21.01";" 4113000000";"4.73";"189700000000";" 203600000000 ";" 182400000000 ";" 1006000000000 ";" 9600 ";"4.1";" 329532 ";" 190800000000 ";"3.8";"20.91";"5.4";" 10033000 ";"19.4";" 34730000 ";"75.19";"0.90";" 55100000000 ";" 1752000 ";" 106202903 ";"23.5";"19510";" 60670000000 ";"2.45";"3.2"
"Czech Republic";"78866";"9.07";" 5730000000";"10.54";"55330000000";" 71750000000 ";" 66510000000 ";" 172200000000 ";" 16800 ";"3.7";" 127204 ";" 68190000000 ";"4.7";"3.93";"3.2";" 2700000 ";"29";" 5250000 ";"76.02";"2.02";" 9892000000 ";" 175700 ";" 10241138 ";"33.5";"9520";" 32780000000 ";"1.2";"10.6"
"Hungary";"93030";"9.76";" 7941000000";"13.19";"35990000000";" 34070000000 ";" 54620000000 ";" 149300000000 ";" 14900 ";"3.9";" 159568 ";" 58680000000 ";"9.6";"8.57";"7";" 1600000 ";"22.8";" 4170000 ";"72.4";"1.75";" 13370000000 ";" 140700 ";" 10006835 ";"58.3";"7937";" 14800000000 ";"1.32";"5.9"
"Greece";"131940";"9.72";" 8000000000";"10.15";"47420000000";" 47220000000 ";" 15500000000 ";" 226400000000 ";" 21300 ";"3.7";" 117000 ";" 54280000000 ";"4.1";"5.53";"2.9";" 1718400 ";"27";" 4400000 ";"79.09";"4.30";" 2021000000 ";" 405700 ";" 10668354 ";"112";"2571";" 7300000000 ";"1.33";"10"
"Portugal";"92391";"10.82";" 8120000000";"10.43";"42150000000";" 43280000000 ";" 37680000000 ";" 188700000000 ";" 17900 ";"1.1";" 17135 ";" 52100000000 ";"1.1";"5.05";"2.1";" 3600000 ";"22.3";" 5480000 ";"77.53";"2.30";" 2542000000 ";" 339800 ";" 10566212 ";"61.5";"2850";" 12300000000 ";"1.47";"6.5"
"Turkey";"780580";"16.83";" 15300000000";"5.96";"117900000000";" 139700000000 ";" 69460000000 ";" 508700000000 ";" 7400 ";"8.2";" 354421 ";" 94500000000 ";"16.5";"41.04";"9.3";" 5500000 ";"17.3";" 25300000 ";"72.36";"5.30";" 15940000000 ";" 619500 ";" 69660559 ";"74.3";"8671";" 37100000000 ";"1.94";"9.3"
"Italy";"301230";"8.89";" 21100000000";"10.3";"293900000000";" 261600000000 ";" 336400000000 ";" 1609000000000 ";" 27700 ";"1.3";" 479688 ";" 329300000000 ";"0.7";"5.94";"2.3";" 18500000 ";"19.3";" 24270000 ";"79.68";"1.80";" 71180000000 ";" 1866000 ";" 58103033 ";"105.6";"19507";" 61500000000 ";"1.28";"8.6"
"Spain";"504782";"10.1";" 30890000000";"9.63";"218400000000";" 229000000000 ";" 172500000000 ";" 937600000000 ";" 23300 ";"2.6";" 664852 ";" 222000000000 ";"3";"4.42";"3.2";" 9789000 ";"25.4";" 19330000 ";"79.52";"1.20";" 17960000000 ";" 1497000 ";" 40341462 ";"53.2";"14268";" 19700000000 ";"1.28";"10.4"
"United Kingdom";"244820";"10.78";" 33460000000";"10.18";"337400000000";" 395900000000 ";" 347200000000 ";" 1782000000000 ";" 29600 ";"3.2";" 392931 ";" 439400000000 ";"0.9";"5.16";"1.4";" 25000000 ";"16.2";" 29780000 ";"78.38";"2.40";" 92850000000 ";" 1692000 ";" 60441457 ";"39.6";"17186";" 48730000000 ";"1.66";"4.8"
"Australia";"7686850";"12.26";" 38300000000";"7.44";"195600000000";" 210300000000 ";" 86890000000 ";" 611700000000 ";" 30700 ";"3.5";" 811603 ";" 98100000000 ";"1.9";"4.69";"2.3";" 9472000 ";"25.3";" 10350000 ";"80.39";"2.70";" 23330000000 ";" 796500 ";" 20090437 ";"17.4";"43802";" 35140000000 ";"1.76";"5.1"
"United States";"9631418";"14.14";" 646500000000";"8.25";"3660000000000";" 3839000000000 ";" 795000000000 ";" 11750000000000 ";" 40100 ";"4.4";" 6393603 ";" 1476000000000 ";"4.4";"6.5";"2.5";" 159000000 ";"15.7";" 147400000 ";"77.71";"3.30";" 640900000000 ";" 19650000 ";" 295734134 ";"65";"228464";" 85940000000 ";"2.08";"5.5"
